id,stc,estc,title,author,publisher,pubplace,keywords,date
B43793,R570A,None,"Reasons most humbly offer'd by the po[or] tradesmen, for passing the salt-petre bill",Anonymous,s n,London,Saltpeter industry --  Taxation --  Law and legislation --  Early works to 1800. -- Tariff --  England --  Early works to 1800. -- Broadsides --  England --  17th century.,1693
B43781,R537O,None,"Reasons humbly offered for passing the bill now tendred for encouraging the taking of prizes from the French king and for explaining an act made in the first year of Their now Majesties reign, for prohibiting all trade and commerce with France.",England and Wales. Parliament.,s n,London,Prize law --  Great Britain --  Early works to 1800. -- Great Britain --  Commerce --  France --  Early works to 1800. -- France --  Commerce --  Great Britain --  Early works to 1800. -- Broadsides --  England --  17th century.,1693
B43994,S3888,None,Sir T.J.'s speech to his wife and children,Anonymous,s n,London,"Ballads, English --  17th century --  Early works to 1800. -- English wit and humor --  England --  Early works to 1800. -- Great Britain --  History --  James II, 1685-1688 --  Poetry --  Early works to 1800. -- Broadsides --  England --  17th century.",1685
B43471,M2826B,None,"A brief rule of life directing how to manage it according to the principles both of piety & prudence : to which is added, a form of prayer for a family, both for morning and evening : which may likewise be used in the closet by those that want such helps.","Morton, John, fl. 1672.; Morton, John, fl. 1672.",Printed for J C i e J Cottrell for Hen Brome at the Gun in Ivy Lane,London,Christian life --  England --  Early works to 1800. -- Prayer --  England --  Early works to 1800.,1662
B43772,R492,None,"Reasons for incouraging the throwing of silk in this kingdom, and discouraging the importation of foreign thrown silk hither, especially over-land",Anonymous,s n,London,Silk industry --  Great Britain --  Early works to 1800.,1690-1699
B43979,S3608A,None,"Short notes and observations drawn from the present decaying condition of this kingdom in point of trade, laid down in twelve particulars some of which might (if seasonably applyed) possibly contribute to our recovery. I. Against transportation of our wools, &c. II. Reformation in our manufactures. III. To incourage our fishings. IV. All persons, as well strangers as English, that shall contribute to the increase of our manufactures, to be equally encouraged. V. All commodities imploy'd in our manufactures, as well as our manufactures, to be free of custome, or other imposition whatsoever. VI. Vain and unnecessary commodities to be most laden with duties. VII. Foraign commodities exported, to have the whole custome paid back. VIII. Ireland to be incouraged in setting up of woollen manufactures. IX. A free trade to Virginia, is the only way to make that countrey thrive. X. His Majesties revenue will be best laid for the nation in general, where it shall least burthen or disturbe trade. XI. Of officers to be imploy'd in the management of His Majesties revenue. XII. To restrain our great excess in apparel, &c.",Anonymous,s n,London,"Taxation --  England --  Early works to 1800. -- Taxation --  Virginia --  Early works to 1800. -- Great Britain --  Commerce --  Early works to 1800. -- Great Britain --  Economic conditions --  17th century --  Early works to 1800. -- Virginia --  History --  Colonial period, ca. 1600-1775.",1662
B43760,R272,None,"Reflexions upon ancient and modern philosophy, moral and natural. Treating of the Aegyptians, Arabians, Gretians, Romans, &c. philosophers; as Thales, Zeno, Socrates, Plato, Pythagoras, Aristotle, Epicurus, &c.  Also of the English, Germans, French, Spanish, Italian, &c.  As Bacon, Boyle, Descartes, Hobbes, Vanhelmont, Gassendus, Galilens, Harvey, Paracelsus, Marsennus, Digby, &c.  Together with the use that is to be made thereof.  Licensed, Octob. 4. 1677.  Ro. L' Estrange.","Rapin, Rene패, 1621-1687.; Rapin, Rene패, 1621-1687.",Printed and are to be sold by William Cademan and William Crooke at the New Exchange and without Temple bar and at Mr Man s Coffee house,London,"Philosophy, Ancient --  Early works to 1800. -- Philosophy, Modern --  17th century --  Early works to 1800. -- Philosophy and religion --  Early works to 1800.",1678
B43398,M475aA,None,"The manner of the killing pensionary de Witt and his brother Ruward van Putten in the Hague, the 20th of August, 1672",Anonymous,Sold by John Overton at the White Horse without Newgate and Dorman Newman in the Poultrey,London,"Witt, Johan de, 1625-1672 --  Early works to 1800. -- Witt, Cornelis de, 1623-1672 --  Early works to 1800. -- Lynching --  Netherlands --  Early works to 1800. -- Dutch War, 1672-1678 --  Early works to 1800. -- Netherlands --  History --  1648-1714 --  Early works to 1800. -- Broadsides --  England --  17th century.",1673
B43816,R1114A,None,"The repulsive maid who once to a young-man, but now cannot win, to open the door and let him come in.",Anonymous,s n,S l,"Ballads, English --  17th century. -- Broadsides --  England --  17th century.",1655
B43656,P2348aA_VARIANT,None,"The plain Christian's guide: or A compendium of divinity, &c",Anonymous,s n,London,Christian life --  England --  Early works to 1800. -- Devotional literature --  Early works to 1800.,1670
B43744,Q149A,None,"The quatorse, or, The sorrowful lamentation of the Preston gentlemen in the press-yard, for the loss of P.W. made by the author, while he was playing at picket ; in imitation of Habby Simson.",Anonymous,s n,London,"Simson, Habby. -- Ballads, English --  England --  Early works to 1800. -- Broadsides --  England --  17th century.",1685
B43932,S1530B,None,"Edinburgh, the ninth day of November, one thousand six hundred eighty eighth years present in Council, the Earl of Perth, Lord High Chancellor, the Lord Arch-bishop of St. Andrews ... the following depositions concerning the birth of His royal Highness James, Prince of Scotland and Wales, being transmitted to His Majesties Privy Council ...",Scotland. Privy Council.; Scotland. Privy Council.,Re printed by the heir of Andrew Anderson Printer to His most sacred Majesty,Edinburgh,"James, --  Prince of Wales, 1688-1766 --  Birth --  Early works to 1800. -- Scotland. --  Privy Council --  Early works to 1800. -- Scotland --  Politics and government --  1660-1688 --  Early works to 1800. -- Broadsides --  Scotland --  17th century.",1688
B43727,P3759,R182193,"Proposals, humbly offered to the honourable House of Commons,  for the raising a fund for the better enabling Their Majesties towards the carrying on a vigorous war against France.",England and Wales. Parliament. House of Commons.,s n,London,"Stamp duties --  Great Britain --  Early works to 1800. -- Grand Alliance, War of the, 1689-1697 --  Finance --  Early works to 1800. -- Broadsides --  England --  17th century.",1694
B43590,P74A,None,"The prisoners enlargement, or, The poor mans release out of prison discovering the misery that poor men endure through the cruelty of their hard-hearted creditors : and the worthy behaviour and carriage of the referrees [sic] concerning prisoner : and their releasing by their meanes great number of poor souls : also, shewing how poor men may be relieved, and releas'd out of prison that have hard-hearted creditors to deal withall : desiring all men whatever to prevent imprisonment / written by a sufferer and wel-wisher to poor prisoners, L.P.","L. P., sufferer and wel-wisher to poor prisoners.; L. P., sufferer and wel-wisher to poor prisoners.",Printed by W G i e W Godbid for Richard Harper in Smithfield,London,"Debt, Imprisonment for --  England --  Early works to 1800.",1656
B43969,S3437,None,"Shinkin's misfortune: or, The poor Welsh taylor kidnapt [sic] for stealing a goose, leek and a cock-gelding. To a tune of Teague and Sawney: or, Lilliburlero.  Liscensed according to order.",Anonymous,Printed for J Deacon at the Angel in Gilt Spur Street,London,"Ballads, English --  Early works to 1800. -- Broadsides --  England --  17th century.",1688-1690
B43814,R1055,None,"A reply to a printed paper entituled, A brief account of the evidence given on behalf of Edmond Warner, at a trial at the bar the 24th. of November 1693, &c. Occasioned by some false reflections in the said paper upon the evidence given for the King at the said trial, wherein that they might gain greater credit, the author had the assurance to challenge any one to detect him of the least falshood therein.",Anonymous,s n,London,"Warner, Edmund --  Trials, litigation, etc. --  Early works to 1800. -- Brief account of the evidence given on behalf of Edmond Warner, at a trial at the bar the 24th. of November 1693 --  Early works to 1800. -- Tariff on clay products --  Great Britain --  Early works to 1800.",1693
B43762,R284,None,The rash duellist disected: with the inconveniencies that attend him.  By way of essay,Anonymous,Printed for Phillip Brooksby,London,Dueling --  England --  Early works to 1800. -- Fighting (Psychology) --  Early works to 1800.,1673
B43877,S223bA,None,"Sacramental preparation for the Holy Communion in short wherein are directions and meditations, containing the substance of what is needful and useful before, in, and after the administration of the Lord's Supper : to which is added plain and practical directions for the profitable reading of the Sacred Scriptures / by a reverend divine of the Church of England.",Reverend divine of the Church of England.,Printed for Tho Parkhurst at the Bible and Three Crowns in Cheapside,London,Bible --  Reading --  Early works to 1800. -- Lord's Supper --  Early works to 1800.,1698
B43906,S996B,None,"By the Commissioners of the Parliament of the Common-Wealth of England for ordering and managing affairs in Scotland although the Parliament of the Common Wealth of England in their declaration, concerning the settlement of Scotland, have in the article that concernes religion and the advancement of the power of godliness ...",England and Wales. Parliament.,By Evan Tyler,Printed at Leith,Scotland --  History --  1649-1660 --  Early works to 1800. -- Scotland --  Politics and government --  1649-1660 --  Early works to 1800. -- Broadsides --  Scotland --  17th century.,1651
B43613,P713,None,"Proposals made by William Paterson of London, Esq. on behalf of himself and others, for consolidating the perpetual fund of interest payable to the orphans and other creditors of the city of London, by virtue of the act of Parliament entituled An act for relief of the orphans and other creditors of the city of London, and for improving the same so consolidated above the interest payable by the said act.","Paterson, William, 1658-1719.; Paterson, William, 1658-1719.; England and Wales. Act for relief of the orphans and other creditors of the city of London, and for improving the same so consolidated above the interest payable by the said act.",s n,London,"Banks and banking --  Great Britain --  Early works to 1800. -- Finance, Public --  Great Britain --  History --  1688-1815 --  Early works to 1800.",1695
B43918,S1052,None,Act anent those who are or shall be found fugitives and run-awayes from their companies and colours,Scotland. Convention of Estates.; Scotland. Convention of Estates.,By Evan Tyler printer to the Kings most excellent Majestie,Printed at Edinburgh,"Military deserters --  England --  Early works to 1800. -- Scotland --  History --  Charles I, 1625-1649 --  Early works to 1800. -- Scotland --  Politics and government --  1625-1649 --  Early works to 1800. -- Broadsides --  Scotland --  17th century.",1644
B43758,R239aA,None,On the much lamented death of that incomparable lady the Honourable the Lady Oxenden. A pindarique ode. / by Mrs. Randolph.,"Randolph, Mrs., fl. 1735.; Randolph, Mrs., fl. 1735.",s n,London,"Oxenden, Elizabeth, 1655 or 6-1696 --  Poetry --  Early works to 1800. -- Elegiac poetry, English --  Early works to 1800.",1697
B43725,P3751,None,Proposals for the restoring the silver money of England to its former state.,Anonymous,Printed for R Cumberland at the Angel in St Pauls Church Yard,London,Currency question --  Great Britain --  Early works to 1800. -- Money --  Great Britain --  Early works to 1800. -- Broadsides --  England --  17th century.,1695
B43830,R1511,None,"The right way to make money more plentiful: or, Considerations relating to the Act for preventing exportation of silver and encouraging its importation and coinage.",Anonymous,Printed for J Watts,London,England and Wales. --  Act for Preventing Exportation of Silver and Encouraging Its Importation and Coinage --  Early works to 1800. -- Silver --  Government policy --  Great Britain --  Early works to 1800. -- Coinage --  Law and legislation --  Great Britain --  Early works to 1800. -- Devaluation of currency --  Great Britain --  Early works to 1800. -- Broadsides --  England --  17th century.,1690
B43930,S1371,None,"Act discharging solicitations. Edinburgh, the sixth of November, 1677.",Scotland. Court of Session.; Scotland. Court of Session.,Printed by the Heir of Andrw sic Anderson printer to His most Sacred Majesty,Edinburgh,Scotland --  History --  1660-1688 --  Early works to 1800. -- Scotland --  Politics and government --  1660-1688 --  Early works to 1800. -- Broadsides --  Scotland --  17th century.,1677
B43746,Q157D,None,"The Queens letter from France, to his Highness the Prince of Orange",Anonymous,s n,London,"Mary, --  of Modena, Queen, consort of James II, King of England, 1658-1718 --  Humor --  Early works to 1800. -- William --  III, --  King of England, 1650-1702 --  Humor --  Early works to 1800. -- Great Britain --  History --  William and Mary, 1689-1702 --  Early works to 1800. -- Broadsides --  England --  17th century.",1689
B43637,P1753A,None,"A petition from the country, to the honourable House of Commons, concerning the toleration",Anonymous,s n,London,Church of England --  Early works to 1800. -- Religious tolerance --  Early works to 1800. -- Great Britain --  Politics and government --  1689-1702 --  Early works to 1800. -- Broadsides --  England --  17th century.,1689
B43922,S1183A,None,"The answer of the Parliament of Scotland to the petitions presented from the synods and presbyteries.  At Edinburgh, 10. Iunii 1648.",Scotland. Parliament.; Scotland. Parliament.,Printed by Evan Tyler Printer to the Kings Most Excellent Majestie,Edinburgh,"Scotland --  History --  Charles I, 1625-1649 --  Early works to 1800. -- Scotland --  Church history --  17th century --  Early works to 1800. -- Broadsides --  Scotland --  17th century.",1648
B43629,P1399A,None,"Anno regni Gulielmi & Mariae regis & reginae, Angliae, Scotiae, Franciae & Hiberniae quinto. An act for granting to King William and Queen Mary the rate of one penny per pound upon the clear value of all the real and personal estates and six shillings per head upon such as are not otherwise rated by this act.  To be imployed by the Governour of the province of Pennsilvania and territories thereof, for the time being, towards the support of this government.",Pennsylvania.; Pennsylvania.,By William Bradford,New York,"Taxation --  Law and legislation --  Pennsylvania --  Early works to 1800. -- Pennsylvania --  History --  Colonial period, ca. 1600-1775 --  Early works to 1800. -- Great Britain --  History --  William and Mary, 1689-1702 --  Early works to 1800. -- Great Britain --  Politics and government --  1689-1702 --  Early works to 1800.",1693
B43783,R542D,None,"Reasons humbly offered, for the bringing in a bill to encourage privateers and to demonstrate that such a bill as is proposed will not evade the Prohibition Act or any thing except as to prize goods.",England and Wales. Parliament.,s n,London,"Prize law --  England --  Early works to 1800. -- Privateering --  Law and legislation --  Early works to 1800. -- Great Britain --  History --  William and Mary, 1689-1702 --  Early works to 1800. -- Broadsides --  England --  17th century.",1692
B43457,M2354,None,"A modest and impartial narrative of several grievances and great oppressions that the peaceable and most considerable inhabitants of Their Majesties province of New-York in America lie under, by the extravagant and arbitrary proceedings of Jacob Leysler and his accomplices.",Anonymous,By William Bradford,Philadelphia,"Leisler, Jacob, d. 1691 --  Early works to 1800. -- New York (State) --  History --  Colonial period, ca. 1600-1775 --  Early works to 1800. -- New York (State) --  Politics and government --  To 1775 --  Early works to 1800.",1691
B43888,S464,None,The genteel companion being exact directions for the recorder : with a collection of the best and newest tunes and grounds extant / carefully composed and gathered by Humphry Salter.,"Salter, Humphrey.; Salter, Humphrey.",Printed for Richard Hunt and Humphry Salter at the Lute in St Pauls Church Yard,London,Recorder (Musical instrument) --  Instruction and study --  Early works to 1800.,1683
B43984,S3726,None,"Proposals for the Scotia Illustrata: or, Prodromus historiae naturalis Scotiae in two volumes in Latin.  Folio.","Sibbald, Robert, Sir, 1641-1722.; Sibbald, Robert, Sir, 1641-1722.",s n,Edinburgh,"Sibbald, Robert, --  Sir, 1641-1722. --  Scotia Illustrata. -- Publishers and publishing --  Scotland --  Edinburgh --  Early works to 1800. -- Advertising fliers --  Scotland --  Early works to 1800. -- Broadsides --  England --  17th century.",1684
B43445,M1904A,None,"A message sent from the Committee at Yorke to the House of Commons concerning all the passages that happened there from the fifth of Iuly to the twelfth. Wherein is declared and laid open the great affronts which they daily receive by the malignants that are thereabouts.  Likewise the Parliaments resolution concerning the Earle of Lindsey and the Lord Savill, there being 14. of the Lords and 34. of the Commons appointed for the same purpose.  With the accusation and charge against Mr. Henry Hastings assented to by both Houses of Parliament.  Ordered that this be printed, and published ...","Stapleton, Philip, Sir, 1603-1647.; Cholmley, Hugh, Sir, 1600-1657.",No publisher,London July 14 London printed for I H and T Ryder,"Charles --  I, --  King of England, 1600-1649 --  Early works to 1800. -- Great Britain --  History --  Civil War, 1642-1649 --  Early works to 1800. -- York (England) --  History --  Early works to 1800.",1642
B43369,L3042,None,The Lord Chancellours discovery and confession: made in the time of his sickness in the Tower..,"Jeffreys, George Jeffreys, Baron, 1644 or 5-1689.; Jeffreys, George Jeffreys, Baron, 1644 or 5-1689.",Printed for R Lee without Bishopsgate,London,"Jeffreys, George Jeffreys, --  Baron, 1644 or 5-1689 --  Early works to 1800. -- Great Britain --  History --  Revolution of 1688 --  Early works to 1800. -- Broadsides --  England --  17th century.",1689
B43573,O835,None,"The case of the undertakers for reducing postage of inland letters to just and moderate rates, stated. And therein, the liberty of a commonwealth, the weal of the merchant and industrious trader, and the birthright of every free-man viindicated from monopolizing restraints, and mercenary farming of puplike [sic] offices.","Oxenbridge, Clement.; Oxenbridge, Clement.",s n,London,Postal service --  Great Britain --  Early works to 1800. -- Postal rates --  Great Britain --  Early works to 1800.,1653
B44469,W2773B,None,"Walter Williams and Elizabeth his wife late wife and executrix of William Reed, deceas'd. [brace] appellants.  Richard Reed the younger, Sir William Gregory, and Richard Wytherstone, [brace] defendants. The case of the appellants, upon the order of the Lords in Parliament, dated the 3d. of January, 1690.  Whereby the said appeal was refer'd to the Barons of the Exchequer, to be heard, and determined.",Anonymous,s n,London,"Reed, William, d. 1676 --  Estate --  Early works to 1800. -- Decedents' estates --  England --  Early works to 1800. -- Broadsides --  England --  17th century.",1691
B43461,M2392,None,"The garden of pleasure containing several draughts of gardens, both in embroyder'd-ground-works, knot-works of grass, as likewise in wildernesses, and others : with their cuts in copper / by Andrew Mollet.","Mollet, Andre패.; Mollet, Andre패.",Printed by T N for John Martyn at the Bell without Temple Barr and Henry Herringman at the Anchor in the New Exchange,In the Savoy,"Landscape gardening --  England --  Early works to 1800. -- Gardens --  Design --  Early works to 1800. -- Gardens, English --  Early works to 1800.",1670
B43733,P3999A,None,"Mr. Prynnes letter to the Borrough of Newport in Cornwall, for which he serves in Parliament","Prynne, William, 1600-1669.; Prynne, William, 1600-1669.; England and Wales. Parliament.",s n,London,"Great Britain --  History --  Civil War, 1642-1649 --  Early works to 1800. -- Great Britain --  Politics and government --  1642-1649 --  Early works to 1800.",1648
B43621,P1050aA,None,"The pedigree of John Lord Purbeck, the Duke of Buckingham, and Lord Anglesey. The case of James Earl of Castlehaven and Elizabeth his wife, Francis Lord Brudnell and Frances his wife, Edward Cary of Torabby, Esq; and Mary his wife, on the behalf of their wives being heirs to the Duke of Bucks: shewing the illegitimacy of the pretended heir, being an infant.",Anonymous,s n,London,"Buckingham, John Villiers, --  Earl of, 1677-1723. -- Inheritance and succession --  England --  Early works to 1800. -- Decedents' estates --  England --  Early works to 1800. -- Estates (Law) --  England --  Early works to 1800. -- Broadsides --  England --  17th century.",1690
B43857,R2072A,None,"A full and true account of a horrid and bloody conspiracy of the Papists against the Protestants in the North of England being a true copy of a letter from Thoms. Rowland at Hexham in Northumberland, shewing the intention of a most barbarous murther was intended to be committed on William Rowland of that place by the Lord Derwinwater's son, Mr. Thoms. Ratcliff, a papist.","Rowland, Thomas.; Rowland, Thomas.",Printed for James Baldwin,London,"Ratcliff, Thomas --  Early works to 1800. -- Rowland, William --  Early works to 1800. -- Catholics --  England --  Early works to 1800. -- Attempted murder --  England --  Early works to 1800. -- Great Britain --  History --  William and Mary, 1689-1702 --  Early works to 1800. -- Broadsides --  England --  17th century.",1689
B43742,N758,None,"The Quakers prophesie: or, Strange and wonderful news from Spittle-Fields, humbly dedicated to the Queen of Poland. To the tune of, Then covetousness out of England will run.",Anonymous,Printed for Absalon sic Chamerlain in Red bull Play house yard over against the pound in St John street near Clerken well green,London,"Ballads, English --  Early works to 1800. -- Broadsides --  England --  17th century.",1684
B43717,P3591,None,"The proceedings of the King's Commission of Oyer and Terminer, and Goal Delivery for the Admiralty of England, of several persons, for  several felonies and piracies by them committed on the high seas. At a sessions of Admiralty, held at Justice-Hall in the Old-Baily, London, on Monday the 28th day of June, and Monday the 12th day of July, 1697. And in the ninth year of His Majesties' reign.",England and Wales. King's Commission of Oyer and Terminer and Goal Delivery for the Admiralty of England.; England and Wales. King's Commission of Oyer and Terminer and Goal Delivery for the Admiralty of England.,Printed and sold by E Whicklock near Stationers Hall,London,"Law reports, digests, etc. --  Great Britain --  Early works to 1800. -- Great Britain --  Politics and government --  1689-1702 --  Early works to 1800. -- Broadsides --  England --  17th century.",1697
B43609,P627E,None,"To all persons of quality, ladies, gentlemen, tradesmen, and all others to whom these epistolary lines may come, I.P. wisheth all health and happiness, length of days, with increase of riches.","Partridge, John, 1644-1715.; Partridge, John, 1644-1715.",s n,London,Medicine --  Early works to 1800. -- Health --  Early works to 1800. -- Astrology --  Early works to 1800.,1671
B43709,P3386,None,"The two jeering lovers, or, A pleasant new dialogue between Dick Down-right of the country, and pretty witty Nancy of the citie the manner of their wooing, winning, and wedding shall be related in this ensuing ditty : to a dainty new tune, called, Now the tyrant hath stolen, &c.","L. P. (Laurence Price), fl. 1625-1680?",Printed for William Gilbertson in Gilt spur Street,London,"Ballads, English --  17th century. -- Broadsides --  England --  17th century.",1656
B43674,P2689aA,None,"A poem on the convention assembled at Westminster, Jan. 22, 1688/9",Anonymous,Printed by Edw Jones,London,"Grand Alliance, War of the, 1689-1697 --  Poetry --  Early works to 1800. -- Broadsides --  England --  17th century.",1689
B43774,R519A,None,Reasons for the reversal of Leisler's attainder humbly offered to the consideration of the honourable House of Commons.,England and Wales. Parliament. House of Commons.,s n,London,"Leisler, Jacob, d. 1691 --  Trials, litigation, etc. --  Early works to 1800. -- New York (State) --  History --  Colonial period, ca. 1600-1775 --  Early works to 1800. -- New York (N.Y.) --  History --  Colonial period, ca. 1600-1775 --  Early works to 1800. -- United States --  History --  Colonial period, ca. 1600-1775 --  Early works to 1800. -- Broadsides --  England --  17th century.",1695
B43810,R936A,None,"Remarks on the tryal of Mr. Ireland, Mr. Pickering, and Mr. Grove, which was lately published by authority",Anonymous,s n,S l,"Ireland, William, 1636-1679 --  Trials, litigation, etc. --  Early works to 1800. -- Pickering, Thomas, d. 1679 --  Trials, litigation, etc. --  Early works to 1800. -- Grove, John, d. 1679 --  Trials, litigation, etc. --  Early works to 1800. -- Trials (Treason) --  England --  London --  Early works to 1800. -- Popish Plot, 1678 --  Early works to 1800.",1679
B43705,P3359A,None,"Englands unhappy changes, or Suddaine alteration. Wherein is contained two treatises, and one petition.  The first concernes the sweet blessing of peace, which we lately injoyed.  The second concerns the troubles and distractions which this whole kingdom is now in, by reason of the perilous times.  The third is Englands petition to heaven for peace / written for the benefit of all them that have a true desire to live at peace by Lavvrence Price.","L. P. (Laurence Price), fl. 1625-1680?; L. P. (Laurence Price), fl. 1625-1680?",Printed for F Grove on Snow Hill neere the Sarazens Head,London,"Great Britain --  History --  Civil War, 1642-1649 --  Early works to 1800. -- Great Britain --  Politics and government --  1625-1649 --  Early works to 1800.",1648
B43778,R525F,None,"Reasons humbly offered against the bill for granting a general liberty to all persons whatsoever, to export the woollen manufactures of this nation to Hamburgh, Germany, Holland, Flanders and the parts adjacent",Anonymous,s n,London,Wool --  Prices --  Early works to 1800. -- Wool industry --  England --  Early works to 1800. -- Exports --  England --  Early works to 1800. -- Broadsides --  England --  17th century.,1694
B43766,R419B,None,"The royal prerogatve [sic]; or, Subjection to kings and the necessity of passive obedience in the subject. Proved and pressed as an excellent duty to be performed by all good Christians; or any that would be accounted so; contrary to the schismatical and rebellious tenets of some in these times.  Being also a divine and excellent preservative against famine, sword, and pestilence in a sermon / by Allen Rayner minister of the Gospel.","Rayner, Allen.; Rayner, Allen.",Printed for the author,London,"Bible. --  O.T. --  Psalms CI, 1 --  Sermons --  Early works to 1800. -- Divine right of kings --  Early works to 1800. -- Sermons, English --  17th century.",1666
B43873,S107,None,"The source, force, and course of excommunications conducing to the clearing of that seeming perplexed question, of and amongst the Assembly of Divines : where the seate of the power of excommunication is? resolved : whether in the churches of, and in monarchies, or in the Presbyterian : extracted out of the originalls in the Old Testament, as the radix, pursuing the New Testament, and so to the civill and cannon lawes, and their congruities with both / by J.D.S.",J. D. S.; J. D. S.,s n,London,Westminster Assembly (1643-1652) --  Early works to 1800. -- Excommunication --  Church of England --  Early works to 1800.,1646
B43695,P3195aA,None,"A prayer to God, which the Christian soul may make every day, thereby to declare the sentiments which she desires to have at the point of death wherein are discover'd the acts of all the highest virtues, and especially the divine virtue of contrition, and a perfect love of God.",Anonymous,Printed for Sam Keble at the Turks head in Fleetstreet,London,Christian life --  Early works to 1800. -- Prayers --  Early works to 1800. -- Repentance --  Early works to 1800.,1697
B43422,M1193,None,"Cases of conscience concerning evil spirits personating men, witchcrafts, infallible proofs of guilt in such as are accused with that crime.  All considered according to the scriptures, history, experience, and the judgment of many learned men / by Increase Mather, president of Harvard College at Cambridge, and teacher of a church at Boston in New-England.","Mather, Increase, 1639-1723.; Mather, Increase, 1639-1723.; Willard, Samuel, 1640-1707. Christian reader.; Mather, Cotton, 1663-1728. Return of several ministers consulted by His Excellency.",Printed and sold by Benjamin Harris at the London Coffee House,Boston,"Witchcraft --  New England --  Early works to 1800. -- Conscience, Examination of --  Early works to 1800. -- Massachusetts --  History --  Colonial period, ca. 1600-1775 --  Early works to 1800.",1693
B43541,N1443,None,"The compleat lawyer, or, A treatise concerning [brace] tenures and estates in lands of inheritance for life and for yeares of chattels, reall and personall, and how any of them may be conveyed in a legall forme, by fine, recovery, deed or word, as the case shall require / per Guliel. Noy ...","Noy, William, 1577-1634.; Noy, William, 1577-1634.",Printed for D Pakeman and are to be sold at his shop at the signe of the Rainebow neer the Inner Temple gate in Fleetstreet,London,Real property --  Great Britain --  Early works to 1800. -- Land tenure --  Great Britain --  Early works to 1800. -- Conveyancing --  Great Britain --  Early works to 1800.,1651
B43992,S3878F,None,"Sir, I have received the third part of No Protestant plot which you were pleased to send me out of England and I cou'd have wished the two preceding parts had accompanied it, which I don't find are to be met with in this kingdom ...",Anonymous,s n,Dublin,"Ferguson, Robert, d. 1714. --  No Protestant plot. --  Part 3. -- Catholic Church --  Controversial literature --  Early works to 1800. -- Booksellers and bookselling --  Ireland --  Early works to 1800. -- Ireland --  History --  1660-1688 --  Early works to 1800.",1682
B43787,R561,None,"Reasons humbly offered to the Honourable the House of Commons, why new impositions should not be laid upon brass-wire and tin-plates",England and Wales. Parliament. House of Commons.,s n,London,Brass industry and trade --  England --  Early works to 1800. -- Tin industry --  England --  Early works to 1800. -- Tariff on metal products --  England --  Early works to 1800. -- Broadsides --  England --  17th century.,1690
B43430,M1417C,None,"May it please your Lordship We the embroiderers, drawers and others concerned in the further improvement of East-India Silks and other goods after their importation, humbly crave leave to represent to your Lordship, that our council informs us, that the bill now before the most noble House of Peers for restraining the wearing those goods in England, subjects all noble personages as well as commoners to an indictment for wearing therof after the first of May 1697 ...",Anonymous,s n,S l,Embroidery industry --  England --  Early works to 1800. -- Broadsides --  England --  17th century.,1697
B43416,M959,None,"At a council held at Boston, March 10, 1668. The governour and magistrates being assembled in Council, and in some measure sensible of the many tokens of the Lords displeasure against the cutting short the fruits of the Earth for sundry years past ...","Massachusetts. Council.; Massachusetts. Council.; Rawson, Edward, 1615-1693.",s n,Cambridge Mass,"Fasts and feasts --  New England --  Early works to 1800. -- Massachusetts --  History --  Colonial period, ca. 1600-1775 --  Early works to 1800. -- Broadsides --  England --  17th century.",1669
B43467,M2608,None,"Truth vindicating itself from treason and rebellion, or, A brief discovery how the faith of the Grace of God to manward, in, and through Christ Jesus our Lord, who once appeared in the end of the world, to put away sin by the sacrifice of himself, and by means thereof is Saviour of the world as likewise the hope of his appearing the second time without sin, to the salvation of them that look for him : not onely clears itself from, but most directly and severely reproves all manner of sedition, and resisting the powers that God by his providence sets over us, whether they be good and gentle to us, or whether they be froward, and rise up against us / by Th. Moore Junior.","Moore, Thomas, Junior.; Moore, Thomas, Junior.",Printed for the author,London,Providence and government of God --  Christianity --  Early works to 1800. -- Kingdom of God --  Early works to 1800. -- Grace (Theology) --  Early works to 1800.,1661
B43404,M746A,None,"Certain proposalls in all humblenesse presented to the consideration of the honourable assembly of Parliament for considerable advance of monies, and augmentation of publick revenue for the future.","Marshall, Marmaduke.; Marshall, Marmaduke.",s n,London,Excise tax --  England --  Early works to 1800. -- Great Britain --  Politics and government --  1642-1660 --  Early works to 1800. -- Broadsides --  England --  17th century.,1649
B43543,O10A,None,"Christ's voice to sinners: or, Christ waiting at the door of the sinner's heart for entrance. Wherein is shewn from Scripture how wonderful desirous the Lord Jesus is to get into every poor sinner's heart.  With many motives to perswade every poor sinner to open the door of their hearts to the Lord Jesus Christ.  As also several true characters of a real sound Christian, and the marks of a hypocrite or false professor, shewing how far a professor may go, and yet be but almost a Christian.  Being of excellent use to all those that desire to know how the case stands between them and their souls / by T.O. D.D.",T. O.; T. O.,Printed for Charles Passinger at the Seven Stars in the New Building on London Bridge,London,"Devotional literature, English --  Early works to 1800.",1680
B43520,N892,None,"Newcastle upon Tyne, Sept. 26th 1670 At a court held in the Guildhall, within the town of Newcastle upon Tyne, by custome (time out of mind) for conservation of the River of Tyne, the 26th day of September, anno dom. 1670.  Before Tho. Davison Esquire, Mayor; Sir Robert Shafto Knight, recorder, and several of the aldermen of the said town.",Anonymous,s n,S l,"Newcastle upon Tyne (England) --  History --  Early works to 1800. -- Newcastle upon Tyne (England) --  Maps --  Early works to 1800. -- Tyne, River (England) --  History --  Early works to 1800. -- Broadsides --  England --  17th century.",1670
B43982,S3641,None,A short view of the manifest and remonstrance lately published in the name of the county of Kent,Anonymous,s n,London,"Great Britain --  History --  Civil War, 1642-1649 --  Early works to 1800. -- Great Britain --  Politics and government --  1642-1649 --  Early works to 1800. -- Kent (England) --  History --  Early works to 1800.",1648
B43836,R1627,None,"Robin Hood and Little John being an account of their first meeting, their fierce encounter and conquest : to which is added, their friendly agreement, and how he came to be call'd Little John : to the tune of, Arthur a Bland.",Anonymous,Printed by and for W Onley and are to be sold by the booksellers of Pye corner and London bridge,London,Robin Hood (Legendary character) --  Poetry --  Early works to 1800. -- Little John (Legendary character) --  Poetry --  Early works to 1800. -- Ballads --  England --  17th century. -- Broadsides --  England --  17th century.,1680-1685
B43723,P3715D,None,"Proposals by the drapers and stationers, for the raising and improving the woollen manufacture and making of paper in England, and for preventing the transportation of moneys and wool",Anonymous,s n,London,Wool industry --  Taxation --  England --  Early works to 1800. -- Paper industry --  Taxation --  England --  Early works to 1800. -- Broadsides --  England --  17th century.,1677
B43947,S2576,None,A letter to the continuator of the present state of our controversy. Laying open the folly of his extravagant boasting and the malice of his willfull forgeries / by John Sergeant.,"Sergeant, John, 1622-1707.; Sergeant, John, 1622-1707.",Printed and sold by Matthew Turner at Lamb in High Holborn,London,"Wake, William, 1657-1737 --  Early works to 1800. -- Catholic Church --  Controversial literature --  Early works to 1800. -- Dissenters, Religious --  England --  Early works to 1800.",1688
B43847,R1761C,None,"The speaker's speech to Their Excellencies the Lords Justices in the Lord's House. At the presenting of the poll-bill for the royal assent, on Friday the third of December, 1697.","Rochfort, Robert, 1652-1727.; Rochfort, Robert, 1652-1727.; Ireland. Parliament. House of Lords.; Ireland. Lords Justices and Council.",Printed by J Ray at the 3 Naggs Heads next to the Custom House for Jacob Milner bookseller in Essex street,Dublin,Ireland --  History --  1649-1775 --  Early works to 1800. -- Ireland --  Politics and government --  17th century --  Early works to 1800.,1697
B43924,S1192B,None,"Edinburgh, October 20. 1648. The Committee of Estates considering how necessary it is that some orderly course be taken how the forces to be kept up within this kingdom may be entertained by the publick, with as little burthen as may be to the country ...",Scotland. Parliament.; Scotland. Parliament.,Printed by Evan Tyler printer to the Kings Most Excellent Majesty,Edinburgh,"Scotland --  History --  Charles I, 1625-1649 --  Early works to 1800. -- Scotland --  Politics and government --  1625-1649 --  Early works to 1800. -- Broadsides --  Scotland --  17th century.",1648
B43824,R1365A,None,"The answer of Captain Stephen Rich commander of the state packet barques and post-master of Dublin to a scandalous information of Evan Vaughan, late post-master of the same city.","Rich, Stephen.; Rich, Stephen.",s n,London,"Vaughan, Evan --  Early works to 1800. -- Rich, Stephen --  Early works to 1800. -- Ireland --  History --  1649-1660 --  Early works to 1800. -- Postmasters --  Ireland --  Early works to 1800.",1649
B43707,P3375,None,"A map of merry conceites wherein is contained much mirth which may yeeld pleasureto [sic] the reader, delight to the hearer, content to the buyer, profit to the seller, and hindrance to no man : the book : all you that doe spie me, come quickly & buy me, if once you doe [sic] try me, you will not deny me / by Laurence Price.","L. P. (Laurence Price), fl. 1625-1680?; L. P. (Laurence Price), fl. 1625-1680?",Printed by E C for Francis Grove and are to be sold at his shop on Snow hill neer the Sarazens head,London,"English poetry --  Early modern, 1500-1700 --  Early works to 1800.",1656
B43607,P627C,None,"Mr. Patric-h's [sic] prophecy, or, A prognostication of the year 1690 wherein the most considerable mutations and events like to befall the kingdoms of Great Britain, France, and Ireland, and of the states of the Netherlands, &c. are foreshewed.  Also an account of the proceedings of all the twelve months; and of the happy affairs of the King of Great Britain and the states of Holland, and the great damages likely to befall France and Ireland / by J.P. prefessor [sic] of astrology.","Partridge, John, 1644-1715.; Partridge, John, 1644-1715.",Printed for W W in White Fryers,London,Prophecies (Occultism) --  Early works to 1800.,1690
B43912,S1012C,None,"By His Highnes Councill in Scotland for the government thereof: a declaration, for putting in execution the laws in force against Jesuites, seminary-priests, and traficking-papists.",Scotland. Privy Council.; Scotland. Privy Council.,Printed by Christopher Higgins in Hart Close over against the Trone Church,Edinburgh,Catholic Church --  Controversial literature --  Early works to 1800. -- Scotland --  Politics and government --  1649-1660 --  Early works to 1800. -- Broadsides --  Scotland --  17th century.,1656
B43863,R2259A,None,The rules of the schools at the Savoy,Anonymous,Printed by Henry Hills printer to the Kings Most Excellent Majesty for his household and chappel for him and Matthew Turner at the Lamb in High Holborn,London,"Savoy Schools (London, England) --  Regulations --  Early works to 1800. -- Education --  England --  Early works to 1800. -- Public schools --  England --  Early works to 1800. -- Broadsides --  England --  17th century.",1687
B43800,R692A,None,"Prophetick admonitions to the city of London : of four great calamities like to befall it, viz.  1. Destruction of their houses, fullfilled in 1666.  2. Slaughters of their persons, wives and children.  3. Loss of their goods and estates, and, 4. Violation and slavery of their consciences.  And of the only means to prevent 'em. / First preached and afterwards printed, and dedicated to the citizens, by Thomas Reeves, B. in divinity, in the year 1657.","Reeve, John, 1608-1658.; Reeve, John, 1608-1658.",Printed for J Meekes in Hanging Sword court in Fleet street,London,Apocalyptic literature --  Early works to 1800. -- Muggletonians --  England --  Early works to 1800.,1694
B43921,S1155,None,"Act ratifying all former lavvs for the secuity of the Protestant religion. At Edinburgh, the thirteenth day of August, one thousand six hundred and eighty one.",Scotland.; Scotland.; Scotland. Convention of Estates.,Printed by the Heir of Andrew Anderson printer to His most sacred Majesty,Edinburgh,Scotland --  History --  1660-1688 --  Early works to 1800. -- Scotland --  Politics and government --  1660-1688 --  Early works to 1800. -- Scotland --  Religion --  17th century --  Early works to 1800. -- Broadsides --  Scotland --  17th century.,1681
B43634,P1539,None,"The perjur'd swain, or, The damsels bloody tragedy you loyal lovers now that hear this damsels destiny, sure can't forbear to shed a tear at this sad tragedy : the tune is, Sefautian's farewel / this may be printed, R.P.",R. P.,Printed for J Blare at the sign of the Looking Glass on London Bridge,London,Ballads --  England --  17th century. -- Broadsides --  England --  17th century.,1685-1688
B43933,S1598,None,"A proclamation against persons being in arms at field-conventicles, superscribed by His Majesty at Whitehall, the 6th. day of May, 1679.",Scotland. Privy Council.; Scotland. Privy Council.,By the heir of Andrew Anderson,Edinburgh,"Charles --  I, --  King of England, 1600-1649. -- Scotland --  History --  1660-1688 --  Early works to 1800. -- Broadsides --  England --  17th century.",1679
B43726,P3753C,None,"Proposals humbly offered to consideration, for collecting the duties of subsidy and aulnage at the mills",Anonymous,s n,London,Textile factories --  England --  Early works to 1800. -- Textile industry --  Taxation --  England --  Early works to 1800. -- Broadsides --  England --  17th century.,1694
B43745,Q156A,None,"The Queen's birth-day song, April 30, 1691",Anonymous,Printed and are to be sold by Randal Taylor near Stationers Hall,London,"Mary --  II, --  Queen of England, 1662-1694 --  Poetry --  Early works to 1800. -- Broadsides --  England --  17th century.",1691
B43645,P2095aA,None,"Phaenix Britannicus, or, London re-built in a panegyrick poem on that ancient metropolis, now Englands glory, and the vvorlds wonder / by J. Phillips.","Phillips, John, 1631-1706.; Phillips, John, 1631-1706.; L'Estrange, Roger, Sir, 1616-1704.",Printed by T J for S Speed,London,London (England) --  Poetry --  Early works to 1800.,1672
B43950,S2754,None,Several complaints of merchants and traders of London and other ports of this kingdom against the commissioners and officers of the customs.,Anonymous,s n,London,England and Wales. --  Commissioners of Customs --  Early works to 1800. -- Merchants --  England --  London --  Early works to 1800. -- London (England) --  Commerce --  Early works to 1800. -- Broadsides --  England --  17th century.,1690
B43850,R1878_VARIANT,None,"Justification justified: or The great doctrine of justification, stated according to the Holy Scriptures, and the judgment of Protestant divines. By which several fundamental truths, always owned by the Church of England, since the Reformation, are explain'd confirm'd, and vindicated from the errors of Mr. William Sherlock. Also a discourse in answer to him concerning acquaintance with the person of Christ. / By Samuel Rolls.","Rolle, Samuel, fl. 1657-1678.; Rolle, Samuel, fl. 1657-1678.",Printed for the author and are to be sold by Ben Billingsley at the Printing Press in Corn hill,London,"Sherlock, William, 1641?-1707. --  Discourse concerning the knowledge of Jesus Christ, and our union and communion with him, &c --  Early works to 1800. -- Justification (Christian theology) --  Early works to 1800.",1674
B43710,P3387,None,"The vertuous wife is the glory of her husband; or A good woman in her proper colours. Shewing at large the rare endowments, excellent qualities, that are as ornaments and jewels, which bedeck the breast of the truly vertuous woman.  Also ten characters, or rare jewels, hanging in the crown of the vertuous wife, who is the glory of her husband, the honour of her age, the mirrour of her sex, the best earthly portion in the world.  Likewise many examples, as well modern as divine, queens, princes, and ladies, eminent for vertue and goodness.  Lastly, a few counsels to all young men to be wary in their choice, if ever they would obtain, that portion or portions and incomparable jewel, the good wife / by L.P.  A well-wisher to all good women.","L. P. (Laurence Price), fl. 1625-1680?; L. P. (Laurence Price), fl. 1625-1680?",Printed for T Passenger at the Three Bibles on the middle of London bridge,London,Women --  Conduct of life --  England --  Early works to 1800. -- Christian life --  England --  Early works to 1800.,1667
B43905,S967A,None,"By the Auditor-General of the revenues of Scotland whereas upon application made unto the right honourable his highness council in Scotland, for the government thereof, by the magistrates and Council of Edinburgh, concerning some abuse, disproportion and difference lately discovered to have been from the 24 of February to the 28 day of April last ...",Auditor General for Scotland.; Auditor General for Scotland.,Printed by Christopher Higgins in Harts Close over against the Trone Church,Edinburgh,Weights and measures --  Law and legislation --  Early works to 1800. -- Scotland --  Politics and government --  1649-1660 --  Early works to 1800. -- Broadsides --  Scotland --  17th century.,1657
B43805,R820,None,"A relation of the defeat of the rebels in the West with an account of their plundering and defacing the cathedral church at Wells, &c.",Anonymous,Printed for T N,London,"Wells Cathedral --  History --  Early works to 1800. -- Monmouth's Rebellion, 1685 --  Early works to 1800. -- Wells (England) --  Church history --  Early works to 1800. -- Great Britain --  History --  Charles II, 1660-1685 --  Early works to 1800.",1685
B43978,S3607C,None,"A short narrative by way of vindication of the late honourable Marquesse of Montrosse, his last designe, impartially setting forth the true grounds which moved him to undertake that second imployment, together with the most probable causes of his miscarriage therein.",Anonymous,s n,London,"Montrose, James Graham, --  Marquis of, 1612-1650 --  Early works to 1800. -- Scotland --  History --  1649-1660 --  Early works to 1800. -- Great Britain --  History --  Charles II, 1660-1685 --  Early works to 1800. -- Great Britain --  Politics and government --  1649-1660 --  Early works to 1800.",1650-1659
B43866,R2342_VARIANT,None,"A brief narrative of some considerable passages concerning the first gathering and further progress of a church of Christ in Gospel-order, in Boston, in New-England, commonly (though falsly) called by the name of Anabaptists for clearing their innocency from the scandalous things laid to their charge / set forth by John Russel, an officer of the said church, with consent of the whole.  Dated in Boston, 20th, 3d month, 1680.","Russell, John, d. 1680.; Russell, John, d. 1680.",Printed by J D,London,Baptists --  Apologetic works --  Early works to 1800.,1680
B43773,R500B,None,Reasons for preservation of the records in the tower,Anonymous,s n,London,Public records --  Great Britain --  Early works to 1800. -- Great Britain --  Archival resources --  Early works to 1800. -- Broadsides --  England --  17th century.,1680
B43673,P2670A,None,A poem composed by a gentleman in prison and in irons,Anonymous,s n,London,"Great Britain --  History --  Civil War, 1642-1649 --  Poetry --  Early works to 1800. -- Great Britain --  Politics and government --  1642-1649 --  Poetry --  Early works to 1800.",1648
B43817,R1160A,None,"The resolution of Wiltshire presented at Oxford to His Majestie with their contributions.  Also the resolution of Herefordshire, &c.",Anonymous,s n,Oxford,"Great Britain --  History --  Civil War, 1642-1649 --  Early works to 1800. -- Great Britain --  Politics and government --  1642-1649 --  Early works to 1800. -- Wiltshire (England) --  History --  Early works to 1800. -- Herefordshire (England) --  History --  Early works to 1800.",1642
B43809,R932_VARIANT,None,"Remarks on the account given by the Irish Trustees in one of their books called, An abstract of their rent-roll, laid before the House of Commons this session of Parliament, of the yearly value of the estate petitioned for by Lord Bophin and his children.  The book is number 2.  The value of the estate Lord Gallway had in possession is under the title of estates tail vested in fee; and of the estate Lord Bophin had in possession, under the title of estates forfeited for life.",Anonymous,s n,London,"Clanricarde, John Bourke, --  Earl of, 1642-1722 --  Early works to 1800. -- Forfeiture --  Ireland --  Early works to 1800. -- Estates (Law) --  Ireland --  Early works to 1800. -- Debt --  Ireland --  Early works to 1800. -- Ireland --  History --  War of 1689-1691 --  Early works to 1800.",1698
B43909,S1001A,None,"By the Commissioners for visiting universities, colledges and schooles of learning in Scotland whereas by our former proclamation, bearing date the second day of August , 1653.  All ministers, and others are prohibited to pray for, or, preach up the interest of the pretended King of Scotland ...",Anonymous,s n,Printed at Edinburgh,Scotland --  History --  1649-1660 --  Early works to 1800. -- Scotland --  Politics and government --  1649-1660 --  Early works to 1800. -- Broadsides --  Scotland --  17th century.,1655
B43974,S3535A,None,"A short amount of excises it is certainly impossible in the present state of things, that this government should subsist, and much less be able to bear its part in the alliance against our common enemies ...",Anonymous,s n,S l,England and Wales. --  Army --  Appropriations and expenditures --  Early works to 1800. -- Taxation --  England --  Early works to 1800. -- Great Britain --  Politics and government --  1689-1702 --  Early works to 1800.,1691
B43562,O418B,None,"Instructions made by the Right Honourable Edward Russel, admiral, in the year 1691. For the better ordering the fleet in sailing by day and night and in fighting.","Orford, Edward Russell, Earl of, 1653-1727.; Orford, Edward Russell, Earl of, 1653-1727.",s n,London,Navigation --  Early works to 1800. -- Seamanship --  Early works to 1800.,1691
B43513,N645B,None,"New-Haven's settling in New-England and some lawes for government / published for the use of that colony : though some of the orders intended for present convenience, may probably be hereafter altered, and as need requireth other lawes added.",New-Haven Colony.; New-Haven Colony.,Printed by M S for Livewell Chapman at the Crowne in Popes head Alley,London,"Law --  Connecticut --  New Haven. -- New Haven (Conn.) --  History --  Colonial period, ca. 1600-1775. -- Connecticut --  History --  Colonial period, ca. 1600-1775. -- New-Haven Colony.",1656
B43446,M1916,R180568,"Metal for metal: or, A proposal for a duty upon tin and pewter wrought in plates, dishes, or any other work whatsoever, of one penny upon every pound weight, to be levied as hereunder express'd, from the 1st of January 1695. for sixteen years next following; and the sum of money arising thereby to be applied to make good the loss upon the clipt money.",Anonymous,s n,London,Tin --  Taxation --  Great Britain --  Early works to 1800. -- Pewter --  Taxation --  Great Britain --  Early works to 1800. -- Broadsides --  England --  17th century.,1694
B43437,M1542A,None,"A copy of a letter, containing an account of the murder of Capt. Robert Mead, on the 19th of August last by Burrus Gradon, who was tryed for the same at the Kings-Bench-Bar in Dublin, the 15th of November, after, and found guilty of manslaughter only together with a copy of a letter sent the jury, and some reflections on the verdict.","Mead, E.; Mead, E.",Printed for S M in the year,London,"Mead, Robert, d. 1692 --  Early works to 1800. -- Gradon, Burrus --  Early works to 1800. -- Trials (Murder) --  Ireland --  Dublin --  Early works to 1800.",1692
B43780,R533E,None,"Reasons humbly offered by the six-clerks of the Court of Chancery, to repeal or explain the latter part of a clause, in an act of the last sessions of Parliament, made for the amendment of the law, and the better advancement of justice.",England and Wales. Court of Chancery.; England and Wales. Parliament.,s n,London,Great Britain --  Politics and government --  1689-1702 --  Early works to 1800. -- Broadsides --  England --  17th century.,1700
B43378,L3282,None,"Loves power and greatness, or, The charming lovers praise. Loves mighty accents founded natures frame, all that have being from loves fountain came; that universal gold, eternal joy, which yields the world such sacred harmony, whose charming power, no power has to stay, through Earth, through air, through sea it finds away.  To a new play-house tune.",Anonymous,Printed for Phillip Brooksby at the Golden Ball in West smithfield neer the hospital gate,London,"Ballads, English --  17th century. -- Broadsides --  England --  17th century.",1672-1695
B43554,O203,None,"The old gentlewomans last legacy [t]o her sons and daughters upon her death-bed, a little before she departed out of this world.  With her good instructions, that she gave them to live a godly sober life, for the good of their own souls, till God call them out of this world.  Tune of My bleeding heart.  Licensed according to order.",Anonymous,Printed for P Brooksby at the Golden Ball in Pye Corner,London,"Ballads, English --  17th century. -- Broadsides --  England --  17th century.",1670-1696
B43403,M732A,None,"The second part of the new survey of the Turkish empire, containing I.  The extent of its dominion, when, how and by whom conquered.  II.  An account of the Tartars.  III.  The life of Mahomet the Imposter.  IV.  Their militia.  V.  Their government civil and ecclesiastick.  VI.  The continuation of their history.  Being now and absolute and compleat discovery of what is worth knowledge, or is any way satisfactory to curiosity, in that mighty nation.","Marsh, Henry, fl. 1663-1664.; Marsh, Henry, fl. 1663-1664.; Chantry, John, d. 1662?",Printed by J Best for Henry Marsh at the Princes Arms in Chancery Lane,London,"Austro-Turkish War, 1661-1664 --  Early works to 1800. -- Turkey --  History --  1453-1683 --  Early works to 1800. -- Turkey --  History --  Mehmed IV, 1648-1687 --  Early works to 1800.",1664
B43997,S3918,None,"The six-penny whore, or The London frollick. Being a true relation, how a porter and a counsellors wife were found in bed together near West-Smithfield.",Anonymous,Printed for A C in St Johns street,London,Ballads --  England --  17th century. -- Broadsides --  England --  17th century.,1684
B43782,R539A,None,Reasons humbly offered for prohibiting all lustrings and alamodes wrought in foreign parts,Anonymous,s n,London,Silk industry --  England --  Early works to 1800. -- Broadsides --  England --  17th century.,1692
B40355,4055.5,None,"An exhortation to the ministers of Gods woord in the Church of Christ, that they set aside all mutuall discord, and in these latter dayes and dangerous times purely and with one concent preache vnto the world the onely true faith in Christe and amendement of life. / Compiled by D. Henry Bulliger of Zurick. ; Translated into English by John Cox. 1575. Thou hast heer in this little book good christian reader moste plain, sure and substantiall reasons to establish mutuall consent and christian concord..","Bullinger, Heinrich, 1504-1575.; Bullinger, Heinrich, 1504-1575.",at the long shop in the Pultrie by Iohn Allde,Imprinted at London,Zwinglianism. -- Reformation --  Early works to 1800..,1575
B43852,R1922,None,"Room for a jovial tinker, Old brass to mend or, Here is a tinker full of mettle, the which can mend, pot, pan, or kettle : for stopping of holes is his delight, his work goes forward day and night : if there be any woman brave, whose couldrons need of mending have, send for this tinker, ne'r deny him, he'l do your work well if you try him : a proof of him, i'le forthwith show, 'cause you his workmanship may know : the tune is, Behold the man, &c.",Anonymous,Printed for M Coles T Vere J Wright J Clarke W Thackeray and T Passinger,London,Ballads --  England --  17th century. -- Broadsides --  England --  17th century.,1680-1682
B43724,P3744A,None,"Proposals for sale by subscription of four sorts of curious perspective-glasses, newly invented Propositions pour vendre par souscription quatre sortes de lunettes d'approche, nouvellement invente패es.",Anonymous,s n,S l,Binoculars --  Early works to 1800. -- Optical instruments --  England --  Early works to 1800. -- Broadsides --  England --  17th century.,1700
B43593,P227A,None,"A justification of the pious and solemn league and covenant made and entered into, by the representative bodies of the three kingdoms.  Against malignant extremes, of many cavilling contendings of hereticks, carnal libertines, and of ridged, uncharitable, and ignorant separatists / by George Palmer, a striver for true faith and peace, between exorbitant extremes.","Palmer, George, b. 1596 or 7.; Palmer, George, b. 1596 or 7.",Printed by Matthew Simmons,London,"Solemn League and Covenant (1643). -- Great Britain --  History --  Civil War, 1642-1649 --  Early works to 1800. -- Great Britain --  Politics and government --  1642-1649 --  Early works to 1800. -- Great Britain --  Church history --  17th century --  Early works to 1800.",1649
B43493,N170,None,"A narrative of an ill favoured attempt to pervert the Duke of Gloucester extracted out of divers letters from France : Paris, Novem. 7, 1654.",Anonymous,s n,London,"Henry, --  Prince, Duke of Gloucester, 1640-1660. -- Great Britain --  Politics and government --  1649-1660.",1654
B43831,R1512C,None,"The disloyal actings of the Bermuda Company in London by their keeeping [sic] back a petition presented (from the General Assembly in the said islands, convented together there, according to the laws of the said company) to the Kings Most Excellent Majesty.  With several grievances, petitions, and papers; as will more at large appear in the following narrative, shewing the great oppressions the poor inhabitants in the said islands do groan under, by the arbitrary government of the Somer-Islands Company: in all humility presented to the honourable, the knights, citizens, and burgesses assembled in Parliament, craving from them to be relieved from the aforesaid and following oppressions / by William Righton.","Righton, William.; Righton, William.; Bermuda Islands. House of Assembly.",For J Robinson,London,Bermudas Company for the Plantation of the Somers Islands. -- Great Britain --  Colonies --  Administration --  Early works to 1800. -- Bermuda Islands --  Early works to 1800.,1678
B43659,P2487,None,"The jovial marriner; or, The sea-mans renown. Sail forth bold sea-men, plough the liquid main, fear neither storms nor pirats, strive not for gain.  Whilst others sleep  at home in a whole skin, your brave adventures shall great honour win.  To the tune of, I am a jovial batchelor, &c. / J.P.",J. P.,Printed for T Passenger on London Bridge,London,"Ballads, English --  17th century. -- Broadsides --  England --  17th century.",1670-1682
B43840,R1650A,None,"Jack the plough-lads lamentation his master has forsaken the plough and the cart, which grieves poor Iack unto the heart, for night and day he doth sorely complain, and doth wish that his master would come home again.","Robins, Thomas.; Robins, Thomas.",Printed for Richard Burton,London,"Ballads, English --  17th century. -- Broadsides --  England --  17th century.",1654
B43940,S2207,None,"Seasonable advice and necessary cautions to the citizens and livery-men of London, touching the election of a Lord-Mayor for the year ensuing.","Ashurst, William, Sir, 1647-1720.; Houblon, John, Sir, d. 1712.",s n,London,"Raymond, Jonathan, --  Sir. -- City of London (England). --  Lord Mayor --  Early works to 1800. -- Elections --  England --  London --  Early works to 1800. -- Political campaigns --  England --  London --  Early works to 1800. -- London (England) --  Politics and government --  17th century. -- Broadsides --  England --  17th century.",1693
B43655,P2254,None,"A pindarique ode on the murder of King Charles the First, January the 30th 1648",Anonymous,s n,London,"Charles --  I, --  King of England, 1600-1649 --  Death and burial --  Poetry --  Early works to 1800. -- Great Britain --  History --  Charles I, 1625-1649 --  Early works to 1800. -- Broadsides --  England --  17th century.",1660
B43755,R97A,None,"A loyal appeal to the Protestant dissenters, who unjustly complain of a present persecution.",W. R.; W. R.,Printed for Joseph Hindmarsh,London,"Dissenters, Religious --  England --  Early works to 1800. -- Persecution --  England --  17th century --  Early works to 1800. -- Great Britain --  Politics and government --  1660-1688 --  Early works to 1800. -- Great Britain --  History --  Charles II, 1660-1685 --  Sources --  Early works to 1800. -- Broadsides --  England --  17th century.",1681
B43823,R1340A,None,An elegy on the death of the worthily honoured the Lord Charles Rich,"Rich, Jeremiah, fl. 1664.; Rich, Jeremiah, fl. 1664.",s n,London,"Rich, Charles, --  Lord, 1643-1664 --  Death and burial --  Poetry --  Early works to 1800. -- Elegiac poetry, English --  Early works to 1800. -- Broadsides --  England --  17th century.",1664
B43923,S1192A,None,"At Edinburgh the 15 of October, 1647 the Committee of Estates being frequently met, to take into consideration the disbanding of the army presently within the Kingdome, according to a former act of the committee of the eleventh of September last ...","Scotland. Parliament.; Scotland. Parliament.; Primrose, Archibald, Sir, 1616-1679.",By Evan Tyler printer to the Kings Most Excellent Majestie,Printed at Edinburgh,"Scotland. --  Army --  Pay, allowances, etc. --  Early works to 1800. -- Scotland --  History --  Charles I, 1625-1649 --  Early works to 1800. -- Broadsides --  Scotland --  17th century.",1647
B43600,P436,None,"The cooper of Norfolk, or, A true jest o'th' brewer & cooper's wife, and how the cooper served the brewer in his kind to the tune of, The Wiving age, &c.","M. P. (Martin Parker), d. 1656?; M. P. (Martin Parker), d. 1656?",Printed by and for W O for A M and sold by the booksellers of Pye corner and London Brid ge,London,Ballads --  England --  17th century. -- Broadsides --  England --  17th century.,1700
B43700,P3317,None,"The pretended country squire, with an account of his last will and testament: together with a whole dicar of legacies bequeathed to his new-found friends; who at length, to their unspeakable sorrow, are left in the lurch. : To the tune of, Merry and Glad.",Anonymous,Printed for P Brooksby J Deacon J Blare and J Back,London,Ballads --  England --  17th century. -- Broadsides --  England --  17th century.,1692
B43968,S3412A,None,"The case of William Sherwin, Esq., and Elizabeth his wife against the Right Honourable John Earl of Bath, upon petition in the House of Lords.","David, Mainwaring.; England and Wales. Parliament. House of Lords.",s n,London,"Bath, John Grenville, --  Earl of, 1628-1701. -- Montagu, William, --  Sir, 1619?-1706. -- Albemarle, Elizabeth Monck, --  Duchess of, 1654-1734. -- Albemarle, Christopher Monck, --  Duke of, 1653-1688 --  Estate. -- Sherwin, William. -- Inheritance and succession --  Great Britain --  Early works to 1800. -- Broadsides --  England --  17th century.",1700
B43671,P2600A,None,"Plot or no plot, or Sir W---m and his spy foil'd. A new ballad.",Anonymous,s n,London,"Ballads, English --  17th century. -- Jacobites --  Poetry --  Early works to 1800. -- Broadsides --  England --  17th century.",1679
B43907,S996D,None,"By the commissioners of the Parliament of the Common-wealth of England, for ordering and managing affairs in Scotland the parliament of the Common-vvealth of England, having declared their intentions concerning the settlement of Scotland, and appointed us, their commissioners, to publish and make known the same to the people of this nation ...",England and Wales. Parliament. Commissioners for Ordering and Managing Affairs in Scotland.; England and Wales. Parliament. Commissioners for Ordering and Managing Affairs in Scotland.,E Tyler,Leith,Scotland --  Politics and government --  1649-1660 --  Sources. -- Broadsides --  Scotland --  17th century.,1652
B43712,P3389,None,"A weapon of defence against sudden death. or,  A brief description of the desperat times in which we live. Being a brief and true relation of the evils that proceeds and follows after vain-glorious opinions and cursed desperation by the example of several people both in the city of London, and in other parts of our nation.  Shewing the manner of their ungodly living, and how they came by their untimly deaths this present year, 1656 for want of serving of God and taking good heed.  Here is also a brief and true relation of the terrible storms of lightning and thunder, hail and rain which happened at Norwich, July 20. 1656 / written by L. Price, and printed on purpose for others to take warning by.","L. P. (Laurence Price), fl. 1625-1680?; L. P. (Laurence Price), fl. 1625-1680?",Printed for W Gilbertson at the Sign of the Bible in Giltspur Street,London,Christian life --  England --  Ealry works to 1800. -- Storms --  England --  Early works to 1800.,1656
B43389,M132A,None,"[A] caveat for wives to love their husbands or, Pleasant news from hell. Written in Italian by that grand politician Nicholas Machiavel and now translated into English for a Christmas-gigg.","Machiavelli, Niccolo, 1469-1527.; Machiavelli, Niccolo, 1469-1527.",s n,London,"Satire, English --  Early works to 1800.",1660
B43440,M1685B,None,A memorial for the poor French refugees,Anonymous,s n,London,Persecution --  France --  Early works to 1800. -- Protestants --  France --  Early works to 1800. -- Broadsides --  England --  17th century.,1685
B44539,Y48,None,"York and Albany's welcome to England. or, The loyal subjects joy for his most miraculous deliverance To a new play-house tune, much in request.",Anonymous,Printed for I Iordan at the Angel in Guiltspur street,London,"James --  II, --  King of England, 1633-1701 --  Early works to 1800. -- Ballads, English --  Early works to 1800. -- Broadsides --  England --  17th century.",1680-1689
B43794,R570D,None,"Reasons most humbly offer'd to the right honourable the Commons in Parliament assembled against the vote of this House of the 17th of December last, whereby it is ordered, that leave be given to bring in a bill for the quieting the subject against all pretences of concealment whatsoever.",England and Wales. Parliament. House of Commons.,s n,S l,"Prerogative, Royal --  England --  Early works to 1800. -- Crown lands --  Law and legislation --  England --  Early works to 1800. -- Broadsides --  England --  17th century.",1698
B43372,L3138,None,The French kings speech to the Queen of England at her arrival in Paris and the Queens answer / faithfully translated out of French by a person of quality.,"Louis XIV, King of France, 1638-1715.; Louis XIV, King of France, 1638-1715.",s n,London,"Mary, --  of Modena, Queen, consort of James II, King of England, 1658-1718. -- Great Britain --  History --  Revolution of 1688.",1689
B43552,O170,None,Mr. Ogilby's design for carrying on his Britannia,"Ogilby, John, 1600-1676.; Ogilby, John, 1600-1676.",s n,London,"Ogilby, John, 1600-1676. --  Britannia. -- Advertising fliers --  England --  Early works to 1800. -- Booksellers and bookselling --  England --  Early works to 1800. -- Broadsides --  England --  17th century.",1674
B43698,P3250A,None,"The present state and condition of the clergy, and Church of Scotland",Anonymous,Printed and are to be sold by Randal Taylor near Stationers Hall,London,Church of Scotland --  Clergy --  Early works to 1800. -- Broadsides --  England --  17th century.,1690
B43993,S3879,None,"Sir, I presume you began to wonder I did not sooner endeavour to satisfy you and other good men by a personal and particular answer to those many libels wherein we have lately been entertained ... to the right worshipful Sir Thomas Earle knight, mayor of the city of Bristol, and the right worshipful and worshipful the aldermen, His Majestie's justices of the peace for this city and county in their general quarter-sessions of the peace now assembled.",England and Wales. Court of Quarter Sessions of the Peace (Bristol),Printed for W C and sold by W Davis,London,"England and Wales. --  Court of Quarter Sessions of the Peace (Bristol) --  Early works to 1800. -- Dissenters, Religious --  England --  Early works to 1800. -- Bristol (England) --  History --  Early works to 1800.",1682
B43419,M1100,None,"An elegy on the much-to-be-deplored death of that never-to-be-forgotten person, the Reverend Mr. Nathanael Collins who after he had been many years a faithful pastor to the Church at Middletown of Connecticut in New-England, about the forty third year of his age expired on 28th 10 moneth 1684.","Mather, Cotton, 1663-1728.; Mather, Cotton, 1663-1728.",Printed by Richard Pierce for Obadiah Gill,Boston in New England,"Collins, Nathaniel, 1642-1684 --  Early works to 1800. -- Religious poetry, American --  Early works to 1800. -- Elegiac poetry, American --  Early works to 1800.",1685
B42030,B5074,None,Tho. Brown's recantation of his Satyr on the French King. Facit recantatio versum.,"Brown, Thomas, 1663-1704.; Brown, Thomas, 1663-1704.",Printed and are to be sold by most booksellers in London and Westminster,London,"Brown, Thomas, 1663-1704. --  Satyr upon the French king --  Early works to 1800. -- Louis --  XIV, --  King of France, 1638-1715 --  Poetry --  Early works to 1800. -- Broadsides --  England --  17th century. -- Ballads --  England --  17th century.",1697
B43415,M897,None,A law of Maryland concerning religion,Maryland.; Maryland.,s n,S l,Freedom of religion --  Maryland --  Law and legislation --  Early works to 1800. -- Blasphemy --  Maryland --  Law and legislation --  Early works to 1800. -- Broadsides --  England --  17th century.,1689
B43960,S3158,None,"The shepherd's son: or, The faithless nurse. Containing a royal frolick between King Edward the Fourth, and his nobles, at Westminster; as you shall find in this following ditty, taken from ancient writings, for the satisfaction of the world.  To the tune of, The royal forrester.  Licens'd according to order.",Anonymous,Printed for C Bates at the Sun and Bible in Pye corner,London,"Edward --  IV, --  King of England, 1442-1483 --  Poetry --  Early works to 1800. -- Ballads, English --  Early works to 1800. -- Broadsides --  England --  17th century.",1685
B43779,R527,None,Reasons humbly offered against the clause intended in the act for the establishing the land-bank for denizing or naturalizing of all aliens that shall subscribe 500 l. to the said bank,England and Wales. Parliament.,s n,London,Banking law --  Great Britain --  Early works to 1800. -- Bank deposits --  Law and legislation --  Great Britain --  Early works to 1800. -- Naturalization --  Great Britain --  Early works to 1800. -- Great Britain --  Commerce --  Early works to 1800. -- Broadsides --  England --  17th century.,1695
B43811,R954,None,"Remedium melancholiae, or, The remedy of melancholy. the first book being a choice collection of new songs : with a thorow-bass for the harpsichord, theorbo, or bass-viol. / composed by Johann Wolfgang Franck.","Franck, Johann Wolfgang, ca. 1644-ca. 1710.; Franck, Johann Wolfgang, ca. 1644-ca. 1710.",Printed by J Heptinstall and are to be sold by the author living at Mr Bond s a barber in Lothbury,London,Songs with harpsichord.,1690
B43844,R1662,None,"The two ioyful lovers, or, A true pattern of love the maid at first was most unkinde, yet bore at last a faithful minde : for Cupid with his bow and shield, at last did force her for to yield : the tune is, Francis Phoenix.","Robins, Thomas, fl. 1672-1685.; Robins, Thomas, fl. 1672-1685.",Printed for Sarah Tyus on London Bridge,London,Ballads --  England --  17th century. -- Broadsides --  England --  17th century.,1663-1664
B43944,S2249A,None,"A seasonable warneing [sic] to the poor persecuted Church of Scotland, or Dissuasive to all true non-con[for]mists, from sinful complying with, [b]eing of, and active submitting to abjured prelats, and their underlings, by hearing of them, any other way strenghening their hands to the overturning the work of reformation Philalethes.","Philalethes, fl. 1682.",s n,London,Church of Scotland --  Government --  Early works to 1800. -- Church of Scotland --  History --  17th century --  Sources --  Early works to 1800.,1682
B43751,R22B,None,An account of the state of London-Derry and Enneskelling given by a captain lately come to Leverpool from the fleet in Derry river and from thence sent to a citizen of Dublin now in London.,Anonymous,Printed for Ric Chiswell at the Rose and Crown in St Paul s Church yard,London,"Great Britain --  History --  William and Mary, 1689-1702 --  Early works to 1800. -- Great Britain --  Politics and government --  1689-1702 --  Early works to 1800. -- Broadsides --  England --  17th century.",1689
B43939,S2187,None,"The sea-mans doleful farewel; or, the Greenwich lovers mournful departure See here the pattern of true love, which absence cannot stain; and nothing shall his mind remove, till he returns again.  Tune of, State and ambition.",Anonymous,Printed for J Deacon at the Angel in Guilt Spur Street without Newgate,London,"Ballads, English --  17th century. -- Broadsides --  England --  17th century.",1685-1688
B43632,P1472_VARIANT,None,"A perfect and true copy of the severall grievances of the army under his Excellencie, Sir Thomas Fairfax. As it was presented at Saffron-Walden in Essex, unto Field-Marshall Gen. Skippon, Lieut. General Cromwel, Commissarie Gen. Ireton, and Colonel Fleetwood members of the House of Commons, and commissioners for the Parliament there, by [bracket] Col. Whaley, Col. Ingoldsby, Col. Hammond, Col. Rich. [bracket] Col. Lambert. Col. Okey. Col. Henson. Major Disborow Major Cowley. [bracket] With the names of above two hundred and forty commission-officers that did subscribe it, and presented in the House of Commons, by Lieutenant General Cromwel, and Col. Fleetwood; toget her [sic] with an order of the generals, to every regiment of horse and foot. Published at the instant desires of the officers of the army, to prevent mistakes which may arise from an imperfect copy already dispersed.","Whalley, Edward.",Printed for George Whittington at the blew Anchor in Corn hill neer the Royall Exchange,London,"Fairfax, Thomas Fairfax, --  Baron, 1612-1671 --  Early works to 1800. -- Fleetwood, Charles, d. 1692 --  Early works to 1800. -- Skippon, Philip, d. 1660 --  Early works to 1800. -- England and Wales. --  Army --  Early works to 1800. -- England and Wales. --  Parliament --  Early works to 1800. -- Soldiers --  England --  Early works to 1800. -- Great Britain --  History --  Civil War, 1642-1649 --  Early works to 1800.",1647
B43585,P47A,None,"A copy of a letter which was sent to one call'd a Quaker occasion'd by a book lately publish'd, intituled, Moderation exciting to reconciliation amongst that people.",J. P.,s n,London,Quakers --  Early works to 1800. -- Society of Friends --  Controversial literature --  Early works to 1800.,1698
B43732,P3993A,None,"The lavv read June the 10, 1656, unto the people Israel, belonging to the returning from captivity, at the tent of Judah, or, A word to the risen world, where old Adam hath received his dying wound, infolded in the mystery of incarnation with the fiat unto the terra ...","Prynne, William, 1600-1669.; Tany, Thomas, fl. 1649-1655.",You may have my books at Mr Richard Moons in Pauls Church yard at the Seven Stars Stationer,London,Redemption --  Christianity --  17th century --  Early works to 1800. -- Great Britain --  Religion --  17th century --  Early works to 1800.,1656
B43856,R2046,None,"Christ the Saviour and governour of his church, or, Two sermons on Isaiah 9. 6, the former concerning the saving benefit of the incarnation of the Son of God, the latter concerning Christ his governing his people, by the scepter of his word / preached in the parish-church of Flordon in the county of Norfolk, Decem. 25 & Ian. 4, 1646 by Thomas Rous, master of arts and minister of the said parish of Flordon ; now published for the vindication of the author.","Rous, Thomas.; Rous, Thomas.",Printed for W Franklin bookseller in Norwich,London,"Jesus Christ --  Sermons. -- Bible. --  O.T. --  Isaiah IX, 6 --  Sermons --  Early works to 1800. -- Sermons, English --  17th century.",1650
B43848,R1791,None,"Roger and Mary, or, The loving couple in a great engagement Rogers true love to his Mary did not in the least miscarry : he souldier-like besieg'd and enter'd, and had the prize for which he ventur'd : tune of, Moggies Jealousie.",Anonymous,Printed for P Brooksby at the Golden Ball in Pye corner,London,"Love poetry, English --  England --  Early works to 1800. -- Ballads --  England --  17th century. -- Broadsides --  England --  17th century.",1672-1695
B43597,P304B,None,"Advertisement this is to give notice, that the Lord Bishop of London and other charitable persons, having raised a stock to set the poor French Protestants at work on a linnen manufacture at Ipswich : there is made by them such cloth both ordinary and extraordinary fine proper for sheeting, shifts, half-shirts, bands, handkercheifs [sic] and other uses ... to be seen and sold at the house of Thomas Papillon Esq. in Fanchurchstreet near Billiter-lane in London ...","Papillon, Thomas, 1623-1702.",s n,London,Linen industry --  England --  Ipswich --  Early works to 1800. -- Protestants --  France --  Economic conditions --  17th century --  Early works to 1800. -- French --  Great Britain --  Early works to 1800. -- Ipswich (England) --  Economic conditions --  17th century --  Early works to 1800. -- Great Britain --  Emigration and immigration --  History --  17th century --  Early works to 1800. -- France --  Emigration and immigration --  History --  17th century --  Early works to 1800. -- Broadsides --  England --  17th century.,1683
B43935,S1743A,None,A proclamation discharging doits,Scotland. Privy Council.; Scotland. Privy Council.,Printed by Andrew Anderson printer to the kings most excellent Majesty,Edinburgh,Copper coins --  Scotland --  Early works to 1800. -- Scotland --  History --  1660-1688 --  Early works to 1800. -- Scotland --  Politics and government --  1660-1688 --  Early works to 1800. -- Broadsides --  Scotland --  17th century.,1674
B43606,P598A,None,"A particular relation of the great victory obtained by Their Majesties forces over the Irish army at Aghrim in Ireland, on the 12th of July, 1691","Richards, Jacob, 1660?-1701. Draught of the incampment of the Irish army.",Printed by Edw Jones in the Savoy,London,"Aughrim, Battle of, Aughrim, Galway, Ireland, 1691 --  Early works to 1800. -- Ireland --  History --  War of 1689-1691 --  Campaigns --  Early works to 1800. -- Great Britain --  History --  William and Mary, 1689-1702 --  Early works to 1800. -- Aughrim (Galway, Ireland) --  History --  Early works to 1800. -- Broadsides --  England --  17th century.",1691
B43913,S1019H,None,By His Highnes Council in Scotland for the government thereof. Whereas it hath the most wise God in his providence to take out of this world the most serene and renowned Oliver late Lord Protector of this Commonwealth and his said highnesse having in his life-time according to the humble petition and advice declared and appointed the most noble and illustrious the Lord Richard ...,Scotland. Privy Council.; Scotland. Privy Council.,Printed by Christopher Higgins in Harts Close over against the Trone Church,Edinburgh,"Cromwell, Oliver, 1599-1658 --  Early works to 1800. -- Cromwell, Richard, 1626-1712 --  Early works to 1800. -- Scotland --  History --  1649-1660 --  Early works to 1800. -- Scotland --  Politics and government --  1660-1688 --  Early works to 1800. -- Broadsides --  England --  17th century.",1658
B43777,R525C,None,"Reasons humbly offered against the bill entituled, An act for removing of doubts and preventing of controversies, concerning royal mines and that the King may have the preemption.",England and Wales. Parliament.,s n,London,England and Wales. --  Parliament --  Early works to 1800. -- Mines and mineral resources --  England --  Early works to 1800. -- Mining law --  England --  Early works to 1800. -- Broadsides --  England --  17th century.,1693
B43677,P2777bA,None,"A copy of the late Lord Chief Justice Pollexfen's opinion, which he gave Mr. Richard Murray, in the year 1686 when he opposed the reading of the Scotch decree in the Court of Chancery in Ireland as being no evidence to be admitted.","Pollexfen, Henry, Sir, 1632?-1691.; Pollexfen, Henry, Sir, 1632?-1691.",s n,S l,"Murray, Richard. -- Jurisdiction --  Ireland --  Early works to 1800. -- Great Britain --  Politics and government --  1689-1702 --  Early works to 1800. -- Broadsides --  England --  17th century.",1691
B43741,P4269A,None,"Master Pyms letter to Sir John Hotham. To my honourable friend Sir John Hotham Knight, governour of Hull, these in Yorkshire.","Pym, John, 1584-1643.; Pym, John, 1584-1643.",By Stephen Bulkley,Printed at York,"Hotham, John, --  Sir, d. 1645 Jan. 2 --  Early works to 1800. -- Great Britain --  Politics and government --  1642-1649 --  Early works to 1800. -- Great Britain --  History --  Civil War, 1642-1649 --  Early works to 1800. -- Broadsides --  England --  17th century.",1643
B43854,R2008A,None,"The Round-heads lecture being a true description of a Round-heads conversation, vvhich you may heare in this following relation.",Anonymous,Printed at London for Francis Coles in the Old baily,London,"Roundheads --  Poetry --  Early works to 1800. -- Ballads, English --  Early works to 1800. -- Broadsides --  England --  17th century.",1642
B43925,S1197A,R176597,"Coppie of an act to be presented to his Grace, his Majesties High commissioner, and to the Right Honourable Estates of Parliament, anent gun-pouder and allom.",Scotland. Convention of Estates.; Scotland. Convention of Estates.,s n,S l,Gunpowder industry --  Great Britain --  Early works to 1800. -- Alum industry --  Great Britain --  Early works to 1800. -- Broadsides --  England --  17th century.,1681-1700
B43630,P1462BA,None,To the Kings Most Excellent Majesty and to the right honourable the Lords and others of His Majesties most honourable Privy-Councel,Anonymous,s n,London,"Percy, James, 1619-1690? --  Early works to 1800. -- Writ of error --  England --  Early works to 1800. -- Land titles --  England --  Early works to 1800. -- Nobility --  England --  Early works to 1800. -- Broadsides --  England --  17th century.",1685
B43587,P52,None,"A fairing for maids. Being the honest maids councel to all other, better then she had given her by her mother, she wishes maides in time for to be wary, and with what young-men they intend to marry, a single life is gallant she doth say, for being bound perforce they must obey.",J. P.; J. P.,Printed for Fra Grove on Snow hill,London,"Ballads, English --  17th century. -- Broadsides --  England --  17th century.",1656
B43730,P3853aA,None,"The Protestants thanks for the downfall of popery, or, Madam popery rocked to sleep",Anonymous,Printed for J C near Fleet bridge,London,"Catholic Church --  Controversial literature --  Poetry --  Early works to 1800. -- Ballads, English --  Early works to 1800. -- Broadsides --  England --  17th century.",1689
B43753,R78,None,"The amazement of future ages, or, This swaggering world turn'd up-side down by which means the astonishing curiosities, the charming varieties, the pleasant remarks, the daring adventures, the bloody wars, the ingenious devices, the unspeakable miracles, the merry journeys and voyages, the roaring practices, the strange prodigies, the delightful experiments, the pretty customs, humours, laws, governments, dwellings, inhabitants of the world ... are faithfully described to the satisfaction of every curious palate / written by T.R. ...","T. R.; T. R.; Dunton, John, 1659-1733.; Catlett, Thomas.",Printed for John Dunton at the Black Raven in the Poultry over against the Stocks Market,London,Curiosities and wonders --  Early works to 1800.,1684
B43433,M1462A,None,"A tryall [sic] skill betwen Josias Maynard citizen and cutler of London, and master of the noble science of defence at the Black Swan in Holborne & of the House of White-Friers.  And William Swinow, alias Scot, citizen and cooke of London, and master of the noble science of defence of the House of Tower Royall.","Maynard, Josias, fl. 1652.; Maynard, Josias, fl. 1652.; Swinnow, William, alias Scot, fl. 1652.",s n,London,Swordplay --  England --  Early works to 1800. -- Dueling --  England --  Early works to 1800. -- Broadsides --  England --  17th century.,1652
B42104,C865B,None,The case for making the rivers Aire and Calder in the county of York navigable to Leeds and Wakefield,Anonymous,s n,London,"Waterways --  England --  Early works to 1800. -- Inland navigation --  England --  Early works to 1800. -- Inland water transportation --  England --  Early works to 1800. -- Aire River (England) -- Calder, River (West Yorkshire, England) -- Broadsides --  England --  17th century.",1699
B43796,R608,None,The first list of recalls.,Anonymous,Printed for Richard Mount stationer to the Navy and sold by him at his shop on Tower hill,London,England and Wales. --  Royal Navy --  Lists of vessels --  Early works to 1800. -- Broadsides --  England --  17th century.,1699
B43521,N976B,None,News from Jamaica in a letter from Port Royal written by the Germane princess to her  fellow collegiates and friends in New-Gate.,Anonymous,Printed by Peter Lillicrap for Philip Brigs,London,"Carleton, Mary, 1642?-1673 --  Early works to 1800. -- Exiles --  Jamaica --  Early works to 1800. -- Jamaica --  History --  Early works to 1800.",1671
B43421,M1192,None,"A case of conscience concerning eating of blood, considered and answered","Mather, Increase, 1639-1723.; Mather, Increase, 1639-1723.",Printed by B Green and J Allen,Boston in New England,Food of animal origin --  Religious aspects --  Early works to 1800. -- Blood --  Religious aspects --  Christianity --  Early works to 1800.,1697
B43983,S3696,None,"Shrowsbury for me: being a song in praise of that famous town, vvhich hath throughout all England gain'd renown.  In praise thereof, let every one agree, and say with one accord, Shrowsbury for me.  To a delightful new tune: or Shrowsbury for me.",Anonymous,Printed for J Wright J Clarke W Thackeray and T Passenger,London,"Ballads, English --  Early works to 1800. -- Shrewsbury (England) --  Songs and music --  Early works to 1800. -- Broadsides --  England --  17th century.",1681-1684
B43542,N1470,None,"Nunc aut nunquam, peace now or never being a dialogue betwixt Jack and Will, upon the present juncture of affairs.",Anonymous,Printed by Tho Snowden in Great Carter Lane and sold by E Whitlock near Stationers Hall,London,"Grand Alliance, War of the, 1689-1697 --  Early works to 1800. -- Great Britain --  History --  William and Mary, 1689-1702 --  Early works to 1800. -- Great Britain --  History --  James II, 1685-1688 --  Early works to 1800.",1697
B43574,O837A,None,"A quickening word for the hastening a sluggish soul to a seasonable answer to the divine call published by a poor sinner that found it such to him.  Being the last sermon preached in the First Church of Boston upon Isaiah 55.6 by the pastor there, on the 24th of the fifth moneth, 1670.","Oxenbridge, John, 1609-1674.; Oxenbridge, John, 1609-1674.",Printed by S G reen and M J ohnson,Cambridge,"Bible. --  O.T. --  Isaiah LV, 6 --  Sermons --  Early works to 1800. -- Sermons, American --  Early works to 1800.",1670
